{"$schema":"schema/service-schema-v5.json","format_version":5,"services":[{"name":"Twitch","common":true,"stream_key_link":"https://dashboard.twitch.tv/settings/stream","multitrack_video_configuration_url":"https://ingest.twitch.tv/api/v3/GetClientConfiguration","multitrack_video_name":"Enhanced Broadcasting","multitrack_video_learn_more_link":"https://help.twitch.tv/s/article/multiple-encodes","servers":[{"name":"Asia: Hong Kong","url":"rtmp://live-hkg.twitch.tv/app"},{"name":"Asia: Seoul, South Korea","url":"rtmp://live-sel.twitch.tv/app"},{"name":"Asia: Singapore","url":"rtmp://live-sin.twitch.tv/app"},{"name":"Asia: Taipei, Taiwan","url":"rtmp://live-tpe.twitch.tv/app"},{"name":"Asia: Tokyo, Japan","url":"rtmp://live-tyo.twitch.tv/app"},{"name":"Australia: Sydney","url":"rtmp://live-syd.twitch.tv/app"},{"name":"EU: Amsterdam, NL","url":"rtmp://live-ams.twitch.tv/app"},{"name":"EU: Berlin, DE","url":"rtmp://live-ber.twitch.tv/app"},{"name":"Europe: Copenhagen, DK","url":"rtmp://live-cph.twitch.tv/app"},{"name":"EU: Frankfurt, DE","url":"rtmp://live-fra.twitch.tv/app"},{"name":"EU: Helsinki, FI","url":"rtmp://live-hel.twitch.tv/app"},{"name":"EU: Lisbon, Portugal","url":"rtmp://live-lis.twitch.tv/app"},{"name":"EU: London, UK","url":"rtmp://live-lhr.twitch.tv/app"},{"name":"EU: Madrid, Spain","url":"rtmp://live-mad.twitch.tv/app"},{"name":"EU: Marseille, FR","url":"rtmp://live-mrs.twitch.tv/app"},{"name":"EU: Milan, Italy","url":"rtmp://live-mil.twitch.tv/app"},{"name":"EU: Norway, Oslo","url":"rtmp://live-osl.twitch.tv/app"},{"name":"EU: Paris, FR","url":"rtmp://live-cdg.twitch.tv/app"},{"name":"EU: Prague, CZ","url":"rtmp://live-prg.twitch.tv/app"},{"name":"EU: Stockholm, SE","url":"rtmp://live-arn.twitch.tv/app"},{"name":"EU: Vienna, Austria","url":"rtmp://live-vie.twitch.tv/app"},{"name":"EU: Warsaw, Poland","url":"rtmp://live-waw.twitch.tv/app"},{"name":"NA: Mexico City","url":"rtmp://live-qro.twitch.tv/app"},{"name":"NA: Quebec, Canada","url":"rtmp://live-ymq.twitch.tv/app"},{"name":"NA: Toronto, Canada","url":"rtmp://live-yto.twitch.tv/app"},{"name":"South America: Argentina","url":"rtmp://live-eze.twitch.tv/app"},{"name":"South America: Chile","url":"rtmp://live-scl.twitch.tv/app"},{"name":"South America: Lima, Peru","url":"rtmp://live-lim.twitch.tv/app"},{"name":"South America: Medellin, Colombia","url":"rtmp://live-mde.twitch.tv/app"},{"name":"South America: Rio de Janeiro, Brazil","url":"rtmp://live-rio.twitch.tv/app"},{"name":"South America: Sao Paulo, Brazil","url":"rtmp://live-sao.twitch.tv/app"},{"name":"US Central: Dallas, TX","url":"rtmp://live-dfw.twitch.tv/app"},{"name":"US Central: Denver, CO","url":"rtmp://live-den.twitch.tv/app"},{"name":"US Central: Houston, TX","url":"rtmp://live-hou.twitch.tv/app"},{"name":"US Central: Salt Lake City, UT","url":"rtmp://live-slc.twitch.tv/app"},{"name":"US East: Ashburn, VA","url":"rtmp://live-iad.twitch.tv/app"},{"name":"US East: Atlanta, GA","url":"rtmp://live-atl.twitch.tv/app"},{"name":"US East: Chicago","url":"rtmp://live-ord.twitch.tv/app"},{"name":"US East: Miami, FL","url":"rtmp://live-mia.twitch.tv/app"},{"name":"US East: New York, NY","url":"rtmp://live-jfk.twitch.tv/app"},{"name":"US West: Los Angeles, CA","url":"rtmp://live-lax.twitch.tv/app"},{"name":"US West: Phoenix, AZ","url":"rtmp://live-phx.twitch.tv/app"},{"name":"US West: Portland, Oregon","url":"rtmp://live-pdx.twitch.tv/app"},{"name":"US West: San Francisco, CA","url":"rtmp://live-sfo.twitch.tv/app"},{"name":"US West: San Jose, CA","url":"rtmp://live-sjc.twitch.tv/app"},{"name":"US West: Seattle, WA","url":"rtmp://live-sea.twitch.tv/app"}],"recommended":{"keyint":2,"max video bitrate":6000,"max audio bitrate":320,"x264opts":"scenecut=0"},"supported video codecs":["h264"]},{"name":"YouTube - HLS","common":false,"more_info_link":"https://developers.google.com/youtube/v3/live/guides/ingestion-protocol-comparison","stream_key_link":"https://www.youtube.com/live_dashboard","protocol":"HLS","supported video codecs":["h264","hevc"],"servers":[{"name":"Primary YouTube ingest server","url":"https://a.upload.youtube.com/http_upload_hls?cid={stream_key}&copy=0&file=out.m3u8"},{"name":"Backup YouTube ingest server","url":"https://b.upload.youtube.com/http_upload_hls?cid={stream_key}&copy=1&file=out.m3u8"}],"recommended":{"keyint":2,"output":"ffmpeg_hls_muxer","max video bitrate":51000,"max audio bitrate":160}},{"name":"YouTube - RTMPS","common":true,"stream_key_link":"https://www.youtube.com/live_dashboard","alt_names":["YouTube / YouTube Gaming","YouTube - RTMP","YouTube - RTMPS (Beta)"],"supported video codecs":["h264","hevc","av1"],"servers":[{"name":"Primary YouTube ingest server","url":"rtmps://a.rtmps.youtube.com:443/live2"},{"name":"Backup YouTube ingest server","url":"rtmps://b.rtmps.youtube.com:443/live2?backup=1"},{"name":"Primary YouTube ingest server (legacy RTMP)","url":"rtmp://a.rtmp.youtube.com/live2"},{"name":"Backup YouTube ingest server (legacy RTMP)","url":"rtmp://b.rtmp.youtube.com/live2?backup=1"}],"recommended":{"keyint":2,"max video bitrate":51000,"max audio bitrate":160}},{"name":"Loola.tv","common":false,"servers":[{"name":"US East: Virginia","url":"rtmp://rtmp.loola.tv/push"},{"name":"EU Central: Germany","url":"rtmp://rtmp-eu.loola.tv/push"},{"name":"South America: Brazil","url":"rtmp://rtmp-sa.loola.tv/push"},{"name":"Asia/Pacific: Singapore","url":"rtmp://rtmp-sg.loola.tv/push"},{"name":"Middle East: Bahrain","url":"rtmp://rtmp-me.loola.tv/push"}],"recommended":{"keyint":2,"profile":"high","max video bitrate":2500,"max audio bitrate":160,"bframes":2,"x264opts":"scenecut=0"},"supported video codecs":["h264"]},{"name":"Lovecast","servers":[{"name":"Default","url":"rtmp://live-a.lovecastapp.com:5222/app"}],"recommended":{"keyint":2,"profile":"main","max video bitrate":8000,"max audio bitrate":192,"supported resolutions":["1920x1080","1280x720"],"max fps":30},"supported video codecs":["h264"]},{"name":"Luzento.com - RTMP","stream_key_link":"https://cms.luzento.com/dashboard/stream-key?from=OBS","servers":[{"name":"Primary","url":"rtmp://ingest.luzento.com/live"},{"name":"Primary (Test)","url":"rtmp://ingest.luzento.com/test"}],"recommended":{"keyint":2,"max video bitrate":6000,"max audio bitrate":256,"bframes":2,"x264opts":"scenecut=0"},"supported video codecs":["h264"]},{"name":"Web.TV","servers":[{"name":"Primary","url":"rtmp://live3.origins.web.tv/liveext"}],"recommended":{"keyint":2,"profile":"main","max video bitrate":3500,"max audio bitrate":160},"supported video codecs":["h264"]},{"name":"GoodGame.ru","servers":[{"name":"Моscow","url":"rtmp://msk.goodgame.ru:1940/live"}],"supported video codecs":["h264"]},{"name":"Vaughn Live / iNSTAGIB","servers":[{"name":"US: Vint Hill, VA","url":"rtmp://live-iad.vaughnsoft.net/live"},{"name":"US: Vint Hill, VA #2","url":"rtmp://live-iad2.vaughnsoft.net/live"},{"name":"US: Dallas, TX","url":"rtmp://live-dfw.vaughnsoft.net/live"},{"name":"US: Denver, CO","url":"rtmp://live-den.vaughnsoft.net/live"},{"name":"US: New York, NY","url":"rtmp://live-nyc.vaughnsoft.net/live"},{"name":"US: Miami, FL","url":"rtmp://live-mia.vaughnsoft.net/live"},{"name":"US: Seattle, WA","url":"rtmp://live-sea.vaughnsoft.net/live"},{"name":"CA: Toronto","url":"rtmp://live-tor.vaughnsoft.net/live"},{"name":"EU: Amsterdam, NL","url":"rtmp://live-ams.vaughnsoft.net/live"},{"name":"EU: London, UK","url":"rtmp://live-lhr.vaughnsoft.net/live"},{"name":"EU: Paris, FR","url":"rtmp://live-lhr.vaughnsoft.net/live"},{"name":"Tokyo, JP","url":"rtmp://live-lhr.vaughnsoft.net/live"}],"recommended":{"keyint":2,"max video bitrate":15000,"max audio bitrate":320},"supported video codecs":["h264"]},{"name":"Breakers.TV","servers":[{"name":"US: Vint Hill, VA","url":"rtmp://live-iad.vaughnsoft.net/live"},{"name":"US: Vint Hill, VA #2","url":"rtmp://live-iad2.vaughnsoft.net/live"},{"name":"US: Dallas, TX","url":"rtmp://live-dfw.vaughnsoft.net/live"},{"name":"US: Denver, CO","url":"rtmp://live-den.vaughnsoft.net/live"},{"name":"US: New York, NY","url":"rtmp://live-nyc.vaughnsoft.net/live"},{"name":"US: Miami, FL","url":"rtmp://live-mia.vaughnsoft.net/live"},{"name":"US: Seattle, WA","url":"rtmp://live-sea.vaughnsoft.net/live"},{"name":"CA: Toronto","url":"rtmp://live-tor.vaughnsoft.net/live"},{"name":"EU: Amsterdam, NL","url":"rtmp://live-ams.vaughnsoft.net/live"},{"name":"EU: London, UK","url":"rtmp://live-lhr.vaughnsoft.net/live"},{"name":"EU: Paris, FR","url":"rtmp://live-lhr.vaughnsoft.net/live"},{"name":"Tokyo, JP","url":"rtmp://live-lhr.vaughnsoft.net/live"}],"recommended":{"keyint":2,"max video bitrate":15000,"max audio bitrate":320},"supported video codecs":["h264"]},{"name":"Facebook Live","common":true,"stream_key_link":"https://www.facebook.com/live/producer?ref=OBS","servers":[{"name":"Default","url":"rtmps://rtmp-api.facebook.com:443/rtmp/"}],"recommended":{"keyint":2,"profile":"main","supported resolutions":["1920x1080","1280x720","852x480","640x360"],"bitrate matrix":[{"res":"640x360","fps":30,"max bitrate":1000},{"res":"640x360","fps":60,"max bitrate":1500},{"res":"852x480","fps":30,"max bitrate":2000},{"res":"852x480","fps":60,"max bitrate":3000},{"res":"1280x720","fps":30,"max bitrate":4000},{"res":"1280x720","fps":60,"max bitrate":6000},{"res":"1920x1080","fps":30,"max bitrate":6000},{"res":"1920x1080","fps":60,"max bitrate":9000}],"max fps":60,"max video bitrate":9000,"max audio bitrate":128},"supported video codecs":["h264"]},{"name":"Restream.io","alt_names":["Restream.io - RTMP","Restream.io - FTL"],"common":true,"stream_key_link":"https://restream.io/settings/streaming-setup?from=OBS","servers":[{"name":"Autodetect","url":"rtmp://live.restream.io/live"},{"name":"EU-West (London, GB)","url":"rtmp://london.restream.io/live"},{"name":"EU-West (Amsterdam, NL)","url":"rtmp://amsterdam.restream.io/live"},{"name":"EU-West (Paris, FR)","url":"rtmp://paris.restream.io/live"},{"name":"EU-Central (Frankfurt, DE)","url":"rtmp://frankfurt.restream.io/live"},{"name":"EU-South (Madrid, Spain)","url":"rtmp://madrid.restream.io/live"},{"name":"Turkey (Istanbul)","url":"rtmp://istanbul.restream.io/live"},{"name":"US-West (Seattle, WA)","url":"rtmp://seattle.restream.io/live"},{"name":"US-West (San Jose, CA)","url":"rtmp://sanjose.restream.io/live"},{"name":"US-Central (Dallas, TX)","url":"rtmp://dallas.restream.io/live"},{"name":"US-East (Chicago, IL)","url":"rtmp://chicago.restream.io/live"},{"name":"US-East (New York, NY)","url":"rtmp://newyork.restream.io/live"},{"name":"US-East (Washington, DC)","url":"rtmp://washington.restream.io/live"},{"name":"NA-East (Toronto, Canada)","url":"rtmp://toronto.restream.io/live"},{"name":"SA (Saint Paul, Brazil)","url":"rtmp://saopaulo.restream.io/live"},{"name":"India (Bangalore)","url":"rtmp://bangalore.restream.io/live"},{"name":"Asia (Hong Kong)","url":"rtmp://hongkong.restream.io/live"},{"name":"Asia (Singapore)","url":"rtmp://singapore.restream.io/live"},{"name":"Asia (Seoul, South Korea)","url":"rtmp://seoul.restream.io/live"},{"name":"Asia (Tokyo, Japan)","url":"rtmp://tokyo.restream.io/live"},{"name":"Australia (Sydney)","url":"rtmp://sydney.restream.io/live"}],"recommended":{"keyint":2},"supported video codecs":["h264"]},{"name":"Castr.io","servers":[{"name":"US-East (Chicago, IL)","url":"rtmp://cg.castr.io/static"},{"name":"US-East (New York, NY)","url":"rtmp://ny.castr.io/static"},{"name":"US-East (Miami, FL)","url":"rtmp://mi.castr.io/static"},{"name":"US-West (Seattle, WA)","url":"rtmp://se.castr.io/static"},{"name":"US-West (Los Angeles, CA)","url":"rtmp://la.castr.io/static"},{"name":"US-Central (Dallas, TX)","url":"rtmp://da.castr.io/static"},{"name":"NA-East (Toronto, CA)","url":"rtmp://qc.castr.io/static"},{"name":"Mexico","url":"rtmp://mexico.castr.io/static"},{"name":"Sao Paulo, BR","url":"rtmp://br.castr.io/static"},{"name":"Colombia","url":"rtmp://bogota.castr.io/static"},{"name":"Santiago, Chile","url":"rtmp://santiago.castr.io/static"},{"name":"Istanbul, TR","url":"rtmp://istanbul.castr.io/static"},{"name":"Tel Aviv, IL","url":"rtmp://telaviv.castr.io/static"},{"name":"EU-West (London, UK)","url":"rtmp://uk.castr.io/static"},{"name":"EU-West (Paris, FR)","url":"rtmp://paris.castr.io/static"},{"name":"EU-West (Madrid, ES)","url":"rtmp://madrid.castr.io/static"},{"name":"EU-Central (Frankfurt, DE)","url":"rtmp://fr.castr.io/static"},{"name":"EU-Central (Milan, IT)","url":"rtmp://milan.castr.io/static"},{"name":"EU-North (Stockholm, SE)","url":"rtmp://stockholm.castr.io/static"},{"name":"EU-North (Copenhagen, DK)","url":"rtmp://copenhagen.castr.io/static"},{"name":"Russia (Moscow)","url":"rtmp://ru.castr.io/static"},{"name":"Asia (Singapore)","url":"rtmp://sg.castr.io/static"},{"name":"Asia (Hong Kong, HK)","url":"rtmp://hongkong.castr.io/static"},{"name":"Asia (India)","url":"rtmp://in.castr.io/static"},{"name":"Australia (Sydney)","url":"rtmp://au.castr.io/static"},{"name":"UAE (Dubai)","url":"rtmp://dubai.castr.io/static"},{"name":"Africa (Johannesburg, ZA)","url":"rtmp://southafrica.castr.io/static"},{"name":"Africa (Lagos, NG)","url":"rtmp://lagos.castr.io/static"},{"name":"US Central","url":"rtmp://us-central.castr.io/static"},{"name":"US West","url":"rtmp://us-west.castr.io/static"},{"name":"US East","url":"rtmp://us-east.castr.io/static"},{"name":"US South","url":"rtmp://us-south.castr.io/static"},{"name":"South America","url":"rtmp://south-am.castr.io/static"},{"name":"EU Central","url":"rtmp://eu-central.castr.io/static"},{"name":"Singapore","url":"rtmp://sg-central.castr.io/static"}],"recommended":{"keyint":2},"supported video codecs":["h264"]},{"name":"Boomstream","servers":[{"name":"Default","url":"rtmp://live.boomstream.com/live"}],"supported video codecs":["h264"]},{"name":"Meridix Live Sports Platform","servers":[{"name":"Primary","url":"rtmp://publish.meridix.com/live"}],"recommended":{"max video bitrate":3500},"supported video codecs":["h264"]},{"name":"AfreecaTV","alt_names":["아프리카TV","Afreeca.TV"],"servers":[{"name":"Asia : Korea","url":"rtmp://rtmpmanager-freecat.afreeca.tv/app"},{"name":"North America : US East","url":"rtmp://rtmp-esu.afreecatv.com/app"},{"name":"North America : US West","url":"rtmp://rtmp-wsu.afreecatv.com/app"},{"name":"South America : Brazil","url":"rtmp://rtmp-brz.afreecatv.com/app"},{"name":"Europe : UK","url":"rtmp://rtmp-uk.afreecatv.com/app"},{"name":"Asia : Singapore","url":"rtmp://rtmp-sgp.afreecatv.com/app"}],"recommended":{"keyint":2,"profile":"main","max video bitrate":8000,"max audio bitrate":192},"supported video codecs":["h264"]},{"name":"CAM4","servers":[{"name":"CAM4","url":"rtmp://origin.cam4.com/cam4-origin-live"}],"recommended":{"keyint":1,"profile":"baseline","max video bitrate":3000,"max audio bitrate":128},"supported video codecs":["h264"]},{"name":"ePlay","servers":[{"name":"ePlay Primary","url":"rtmp://live.eplay.link/origin"}],"recommended":{"keyint":2,"profile":"main","max video bitrate":7500,"max audio bitrate":192},"supported video codecs":["h264"]},{"name":"Picarto","servers":[{"name":"Autoselect closest server","url":"rtmp://live.us.picarto.tv/golive"},{"name":"Los Angeles, USA","url":"rtmp://live.us-losangeles.picarto.tv/golive"},{"name":"Dallas, USA","url":"rtmp://live.us-dallas.picarto.tv/golive"},{"name":"Miami, USA","url":"rtmp://live.us-miami.picarto.tv/golive"},{"name":"New York, USA","url":"rtmp://live.us-newyork.picarto.tv/golive"},{"name":"Europe","url":"rtmp://live.eu-west1.picarto.tv/golive"}],"recommended":{"keyint":2,"profile":"main","max video bitrate":3500},"supported video codecs":["h264"]},{"name":"Uscreen","servers":[{"name":"Default","url":"rtmp://global-live.uscreen.app:5222/app"}],"recommended":{"keyint":2,"max video bitrate":8000,"max audio bitrate":192},"supported video codecs":["h264"]},{"name":"Stripchat","servers":[{"name":"Auto","url":"rtmp://live.doppiocdn.com/ext"}],"recommended":{"keyint":2,"profile":"main","bframes":0,"max video bitrate":6000,"max audio bitrate":128,"x264opts":"tune=zerolatency"},"supported video codecs":["h264"]},{"name":"CamSoda","servers":[{"name":"North America","url":"rtmp://obs-ingest-na.livemediahost.com/cam_obs"},{"name":"South America","url":"rtmp://obs-ingest-sa.livemediahost.com/cam_obs"},{"name":"Asia","url":"rtmp://obs-ingest-as.livemediahost.com/cam_obs"},{"name":"Europe","url":"rtmp://obs-ingest-eu.livemediahost.com/cam_obs"},{"name":"Oceania","url":"rtmp://obs-ingest-oc.livemediahost.com/cam_obs"}],"recommended":{"supported resolutions":["1920x1080","1280x720","852x480","480x360"],"max fps":30,"max video bitrate":6000,"max audio bitrate":160,"x264opts":"tune=zerolatency"},"supported video codecs":["h264"]},{"name":"Chaturbate","stream_key_link":"https://chaturbate.com/b/?useExternalSoftware=true","more_info_link":"https://support.chaturbate.com/hc/en-us/articles/360037971952-How-do-I-set-up-OBS","servers":[{"name":"Global Main Fastest - Recommended","url":"rtmp://global.live.mmcdn.com/live-origin"},{"name":"Global Backup","url":"rtmp://global-backup.live.mmcdn.com/live-origin"},{"name":"Asia: Mumbai, India","url":"rtmp://bom.live.mmcdn.com/live-origin"},{"name":"Asia: Singapore","url":"rtmp://sin.live.mmcdn.com/live-origin"},{"name":"Asia: Taiwan","url":"rtmp://tsa.live.mmcdn.com/live-origin"},{"name":"Asia: Tokyo, Japan","url":"rtmp://nrt.live.mmcdn.com/live-origin"},{"name":"Australasia: Sydney, Australia","url":"rtmp://syd.live.mmcdn.com/live-origin"},{"name":"EU East: Sofia, Bulgaria","url":"rtmp://sof.live.mmcdn.com/live-origin"},{"name":"EU East: Warsaw, Poland","url":"rtmp://waw.live.mmcdn.com/live-origin"},{"name":"EU North: Helsinki, Finland","url":"rtmp://hel.live.mmcdn.com/live-origin"},{"name":"EU West: Amsterdam, Netherlands","url":"rtmp://ams.live.mmcdn.com/live-origin"},{"name":"EU West: Frankfurt, Germany","url":"rtmp://fra.live.mmcdn.com/live-origin"},{"name":"EU West: Madrid, Spain","url":"rtmp://mad.live.mmcdn.com/live-origin"},{"name":"EU West: Milan, Italy","url":"rtmp://mxp.live.mmcdn.com/live-origin"},{"name":"EU West: Rotterdam, Netherlands","url":"rtmp://rtm.live.mmcdn.com/live-origin"},{"name":"South America: Bogota, Colombia","url":"rtmp://bog.live.mmcdn.com/live-origin"},{"name":"South America: Sao Paulo, Brazil","url":"rtmp://gru.live.mmcdn.com/live-origin"},{"name":"US Central: Austin, TX","url":"rtmp://aus.live.mmcdn.com/live-origin"},{"name":"US Central: Chicago, IL","url":"rtmp://chi.live.mmcdn.com/live-origin"},{"name":"US East: Ashburn, VA","url":"rtmp://ash.live.mmcdn.com/live-origin"},{"name":"US East: Atlanta, GA","url":"rtmp://atl.live.mmcdn.com/live-origin"},{"name":"US East: Miami, FL","url":"rtmp://mia.live.mmcdn.com/live-origin"},{"name":"US West: Los Angeles, CA","url":"rtmp://lax.live.mmcdn.com/live-origin"},{"name":"US West: Phoenix, AZ","url":"rtmp://phx.live.mmcdn.com/live-origin"},{"name":"US West: Salt Lake City, UT","url":"rtmp://slc.live.mmcdn.com/live-origin"},{"name":"US West: Seattle, WA","url":"rtmp://sea.live.mmcdn.com/live-origin"}],"recommended":{"keyint":2,"max video bitrate":50000,"max audio bitrate":192,"supported resolutions":["3840x2160","2560x1440","1920x1080","1280x720","960x540","852x480","640x360"],"max fps":60},"supported video codecs":["h264"]},{"name":"WpStream","more_info_link":"https://wpstream.net/obs-more-info","stream_key_link":"https://wpstream.net/obs-get-stream-key","servers":[{"name":"Closest server - Automatic","url":"rtmp://ingest.wpstream.net/golive"},{"name":"North America","url":"rtmp://ingest-na.wpstream.net/golive"},{"name":"Europe","url":"rtmp://ingest-eu.wpstream.net/golive"},{"name":"Asia","url":"rtmp://ingest-as.wpstream.net/golive"},{"name":"South America","url":"rtmp://ingest-sa.wpstream.net/golive"},{"name":"Australia & Oceania","url":"rtmp://ingest-au.wpstream.net/golive"}],"recommended":{"keyint":2,"max audio bitrate":160},"supported video codecs":["h264"]},{"name":"Twitter","common":true,"stream_key_link":"https://studio.twitter.com/producer/sources","alt_names":["Twitter / Periscope"],"servers":[{"name":"US West: California","url":"rtmp://ca.pscp.tv:80/x"},{"name":"US West: Oregon","url":"rtmp://or.pscp.tv:80/x"},{"name":"US East: Virginia","url":"rtmp://va.pscp.tv:80/x"},{"name":"South America: Brazil","url":"rtmp://br.pscp.tv:80/x"},{"name":"EU West: France","url":"rtmp://fr.pscp.tv:80/x"},{"name":"EU West: Ireland","url":"rtmp://ie.pscp.tv:80/x"},{"name":"EU Central: Germany","url":"rtmp://de.pscp.tv:80/x"},{"name":"Asia/Pacific: Australia","url":"rtmp://au.pscp.tv:80/x"},{"name":"Asia/Pacific: India","url":"rtmp://in.pscp.tv:80/x"},{"name":"Asia/Pacific: Japan","url":"rtmp://jp.pscp.tv:80/x"},{"name":"Asia/Pacific: Korea","url":"rtmp://kr.pscp.tv:80/x"},{"name":"Asia/Pacific: Singapore","url":"rtmp://sg.pscp.tv:80/x"}],"recommended":{"keyint":3,"max video bitrate":12000,"max audio bitrate":128,"max fps":60},"supported video codecs":["h264"]},{"name":"Switchboard Live","alt_names":["Switchboard Live (Joicaster)"],"servers":[{"name":"Default","url":"rtmps://live.sb.zone:443/live"}],"recommended":{"keyint":2,"profile":"high"},"supported video codecs":["h264"]},{"name":"Eventials","servers":[{"name":"Default","url":"rtmp://transmission.eventials.com/eventialsLiveOrigin"}],"recommended":{"keyint":1,"profile":"baseline","max video bitrate":900,"max audio bitrate":96},"supported video codecs":["h264"]},{"name":"EventLive.pro","servers":[{"name":"Default","url":"rtmp://go.eventlive.pro/live"}],"recommended":{"keyint":2,"max video bitrate":3000,"max audio bitrate":192,"supported resolutions":["1920x1080","1280x720"],"max fps":30},"supported video codecs":["h264"]},{"name":"Lahzenegar - StreamG | لحظه‌نگار - استریمجی","servers":[{"name":"Primary","url":"rtmp://rtmp.lahzecdn.com/pro"},{"name":"Iran","url":"rtmp://rtmp-iran.lahzecdn.com/pro"}],"recommended":{"keyint":2,"profile":"main","max video bitrate":4000,"max audio bitrate":192},"supported video codecs":["h264"]},{"name":"MyLive","servers":[{"name":"Default","url":"rtmp://stream.mylive.in.th/live"}],"recommended":{"keyint":2,"profile":"main","max video bitrate":7000,"max audio bitrate":192},"supported video codecs":["h264"]},{"name":"Trovo","alt_names":["Madcat"],"stream_key_link":"https://studio.trovo.live/mychannel/stream","servers":[{"name":"Default","url":"rtmp://livepush.trovo.live/live/"}],"recommended":{"keyint":2,"max video bitrate":9000,"max audio bitrate":160,"x264opts":"scenecut=0"},"supported video codecs":["h264"]},{"name":"Mixcloud","servers":[{"name":"Default","url":"rtmp://rtmp.mixcloud.com/broadcast"}],"recommended":{"keyint":2,"max video bitrate":6000,"max audio bitrate":320,"supported resolutions":["1280x720","852x480","480x360"],"max fps":30,"x264opts":"scenecut=0"},"supported video codecs":["h264"]},{"name":"SermonAudio Cloud","alt_names":["SermonAudio.com"],"servers":[{"name":"Primary","url":"rtmp://webcast.sermonaudio.com/sa"}],"recommended":{"max video bitrate":2000,"max audio bitrate":128},"supported video codecs":["h264"]},{"name":"Vimeo","servers":[{"name":"Default","url":"rtmp://rtmp.cloud.vimeo.com/live"}],"supported video codecs":["h264"]},{"name":"Aparat","servers":[{"name":"Default","url":"rtmp://rtmp.cdn.asset.aparat.com:443/event"}],"recommended":{"keyint":2,"max video bitrate":6000,"max audio bitrate":320,"x264opts":"scenecut=0"},"supported video codecs":["h264"]},{"name":"KakaoTV","servers":[{"name":"Default","url":"rtmp://rtmp.play.kakao.com/kakaotv"}],"recommended":{"max video bitrate":8000,"max audio bitrate":192},"supported video codecs":["h264"]},{"name":"Piczel.tv","servers":[{"name":"Default","url":"rtmp://piczel.tv:1935/live"}],"recommended":{"keyint":4,"max video bitrate":2500,"max audio bitrate":256,"x264opts":"tune=zerolatency"},"supported video codecs":["h264"]},{"name":"STAGE TEN","servers":[{"name":"STAGE TEN","url":"rtmps://app-rtmp.stageten.tv:443/stageten"}],"recommended":{"keyint":2,"profile":"baseline","max video bitrate":4000,"max audio bitrate":128},"supported video codecs":["h264"]},{"name":"DLive","servers":[{"name":"Default","url":"rtmp://stream.dlive.tv/live"}],"recommended":{"keyint":2,"max video bitrate":6000,"max audio bitrate":160},"supported video codecs":["h264"]},{"name":"Lightcast.com","servers":[{"name":"North America 1","url":"rtmp://ingest-na1.live.lightcast.com/in"},{"name":"North America 2","url":"rtmp://ingest-na2.live.lightcast.com/in"},{"name":"Europe","url":"rtmp://ingest-eu1.live.lightcast.com/in"}],"recommended":{"keyint":2,"max video bitrate":6000,"max audio bitrate":320,"x264opts":"scenecut=0"},"supported video codecs":["h264"]},{"name":"Bongacams","servers":[{"name":"Automatic / Default","url":"rtmp://auto.origin.gnsbc.com:1934/live"},{"name":"Automatic / Backup","url":"rtmp://origin.bcvidorigin.com:1934/live"},{"name":"Europe","url":"rtmp://z-eu.origin.gnsbc.com:1934/live"},{"name":"North America","url":"rtmp://z-us.origin.gnsbc.com:1934/live"}],"recommended":{"keyint":2,"max video bitrate":6000,"max audio bitrate":192,"bframes":0,"x264opts":"tune=zerolatency"},"supported video codecs":["h264"]},{"name":"OnlyFans.com","stream_key_link":"https://onlyfans.com/my/settings/other","servers":[{"name":"CloudBeta","url":"rtmp://cloudbetastreaming.onlyfans.com/live"}],"recommended":{"keyint":2,"profile":"main","max video bitrate":2500,"max audio bitrate":192,"bframes":0,"x264opts":"tune=zerolatency"},"supported video codecs":["h264"]},{"name":"Steam","common":false,"servers":[{"name":"Default","url":"rtmp://ingest-rtmp.broadcast.steamcontent.com/app"}],"recommended":{"keyint":2,"profile":"high","max video bitrate":7000,"max audio bitrate":128},"supported video codecs":["h264"]},{"name":"Konduit.live","servers":[{"name":"Default","url":"rtmp://rtmp.konduit.live/live"}],"recommended":{"keyint":2,"x264opts":"scenecut=0"},"supported video codecs":["h264"]},{"name":"niconico (ニコニコ生放送)","more_info_link":"https://qa.nicovideo.jp/faq/show/701","alt_names":["niconico, premium member (ニコニコ生放送 プレミアム会員)","niconico, free member (ニコニコ生放送 一般会員)"],"servers":[{"name":"Default","url":"rtmp://liveorigin.dlive.nicovideo.jp/live/input"}],"recommended":{"keyint":2,"profile":"high","max audio bitrate":192,"max video bitrate":5808,"x264opts":"tune=zerolatency"},"supported video codecs":["h264"]},{"name":"Nimo TV","servers":[{"name":"Global:2","url":"rtmp://txpush.rtmp.nimo.tv/live/"},{"name":"Global:3","url":"rtmp://alpush.rtmp.nimo.tv/live/"}],"recommended":{"keyint":2,"max video bitrate":6000,"max audio bitrate":160},"supported video codecs":["h264"]},{"name":"XLoveCam.com","servers":[{"name":"Europe(main)","url":"rtmp://nl.eu.stream.xlove.com/performer-origin"},{"name":"Europe(Romania)","url":"rtmp://ro.eu.stream.xlove.com/performer-origin"},{"name":"Europe(Russia)","url":"rtmp://ru.eu.stream.xlove.com/performer-origin"},{"name":"North America(US East)","url":"rtmp://usec.na.stream.xlove.com/performer-origin"},{"name":"North America(US West)","url":"rtmp://uswc.na.stream.xlove.com/performer-origin"},{"name":"North America(Canada)","url":"rtmp://ca.na.stream.xlove.com/performer-origin"},{"name":"South America","url":"rtmp://co.sa.stream.xlove.com/performer-origin"},{"name":"Asia","url":"rtmp://sg.as.stream.xlove.com/performer-origin"}],"recommended":{"x264opts":"scenecut=0"},"supported video codecs":["h264"]},{"name":"AngelThump","servers":[{"name":"Auto","url":"rtmp://ingest.angelthump.com/live"},{"name":"New York 3","url":"rtmp://nyc-ingest.angelthump.com:1935/live"},{"name":"San Francisco 2","url":"rtmp://sfo-ingest.angelthump.com:1935/live"},{"name":"Singapore 1","url":"rtmp://sgp-ingest.angelthump.com:1935/live"},{"name":"London 1","url":"rtmp://lon-ingest.angelthump.com:1935/live"},{"name":"Frankfurt 1","url":"rtmp://fra-ingest.angelthump.com:1935/live"},{"name":"Toronto 1","url":"rtmp://tor-ingest.angelthump.com:1935/live"},{"name":"Amsterdam 3","url":"rtmp://ams-ingest.angelthump.com:1935/live"}],"recommended":{"keyint":2,"profile":"high","max video bitrate":3500,"max audio bitrate":160},"supported video codecs":["h264"]},{"name":"api.video","servers":[{"name":"Default","url":"rtmp://broadcast.api.video/s"}],"recommended":{"keyint":2,"max video bitrate":20000,"max audio bitrate":192},"supported video codecs":["h264"]},{"name":"SHOWROOM","protocol":"RTMP","servers":[{"name":"Default","url":"https://www.showroom-live.com/api/obs/streaming_info?obs_key="}],"recommended":{"keyint":2,"profile":"main","max video bitrate":1500,"max audio bitrate":160,"x264opts":"tune=zerolatency"},"supported video codecs":["h264"]},{"name":"Mux","servers":[{"name":"Global (RTMPS)","url":"rtmps://global-live.mux.com:443/app"},{"name":"Global (RTMP)","url":"rtmp://global-live.mux.com:5222/app"}],"recommended":{"keyint":2,"max video bitrate":5000,"max audio bitrate":160},"supported video codecs":["h264"]},{"name":"Viloud","servers":[{"name":"Default","url":"rtmp://live.viloud.tv:5222/app"}],"recommended":{"keyint":2,"max video bitrate":5000,"max audio bitrate":160},"supported video codecs":["h264"]},{"name":"MyFreeCams","servers":[{"name":"Automatic","url":"rtmp://publish.myfreecams.com/NxServer"},{"name":"Australia","url":"rtmp://publish-syd.myfreecams.com/NxServer"},{"name":"East Asia","url":"rtmp://publish-tyo.myfreecams.com/NxServer"},{"name":"Europe (East)","url":"rtmp://publish-buh.myfreecams.com/NxServer"},{"name":"Europe (West)","url":"rtmp://publish-ams.myfreecams.com/NxServer"},{"name":"North America (East Coast)","url":"rtmp://publish-ord.myfreecams.com/NxServer"},{"name":"North America (West Coast)","url":"rtmp://publish-tuk.myfreecams.com/NxServer"},{"name":"South America","url":"rtmp://publish-sao.myfreecams.com/NxServer"}],"recommended":{"keyint":1,"profile":"high","max fps":60,"max video bitrate":10000,"max audio bitrate":192,"x264opts":"tune=zerolatency scenecut=0"},"supported video codecs":["h264"]},{"name":"PolyStreamer.com","servers":[{"name":"Auto-select closest server","url":"rtmp://live.polystreamer.com/live"},{"name":"United States - West","url":"rtmp://us-west.live.polystreamer.com/live"},{"name":"United States - East","url":"rtmp://us-east.live.polystreamer.com/live"},{"name":"Australia","url":"rtmp://aus.live.polystreamer.com/live"},{"name":"India","url":"rtmp://ind.live.polystreamer.com/live"},{"name":"Germany","url":"rtmp://deu.live.polystreamer.com/live"},{"name":"Japan","url":"rtmp://jpn.live.polystreamer.com/live"},{"name":"Singapore","url":"rtmp://sgp.live.polystreamer.com/live"}],"recommended":{"keyint":2},"supported video codecs":["h264"]},{"name":"OPENREC.tv - Premium member (プレミアム会員)","stream_key_link":"https://www.openrec.tv/login?keep_login=true&url=https://www.openrec.tv/dashboard/live?from=obs","servers":[{"name":"Default","url":"rtmp://a.station.openrec.tv:1935/live1"}],"recommended":{"keyint":2,"max video bitrate":5000,"max audio bitrate":160},"supported video codecs":["h264"]},{"name":"nanoStream Cloud / bintu","more_info_link":"https://www.nanocosmos.de/obs","stream_key_link":"https://bintu-cloud-frontend.nanocosmos.de/organisation","servers":[{"name":"bintu-stream global ingest (rtmp)","url":"rtmp://bintu-stream.nanocosmos.de/live"},{"name":"bintu-stream global ingest (rtmps)","url":"rtmps://bintu-stream.nanocosmos.de:1937/live"},{"name":"bintu-vtrans global ingest with transcoding/ABR (rtmp)","url":"rtmp://bintu-vtrans.nanocosmos.de/live"},{"name":"bintu-vtrans global ingest with transcoding/ABR (rtmps)","url":"rtmps://bintu-vtrans.nanocosmos.de:1937/live"},{"name":"bintu-stream Europe (EU)","url":"rtmp://bintu-stream-eu.nanocosmos.de/live"},{"name":"bintu-stream USA West (USW)","url":"rtmp://bintu-stream-usw.nanocosmos.de/live"},{"name":"bintu-stream US East (USE)","url":"rtmp://bintu-stream-use.nanocosmos.de/live"},{"name":"bintu-stream Asia South (ASS)","url":"rtmp://bintu-stream-ass.nanocosmos.de/live"},{"name":"bintu-stream Australia (AU)","url":"rtmp://bintu-stream-au.nanocosmos.de/live"},{"name":"bintu-vtrans Europe (EU)","url":"rtmp://bintu-vtrans-eu.nanocosmos.de/live"},{"name":"bintu-vtrans USA West (USW)","url":"rtmp://bintu-vtrans-usw.nanocosmos.de/live"},{"name":"bintu-vtrans US East (USE)","url":"rtmp://bintu-vtrans-use.nanocosmos.de/live"},{"name":"bintu-vtrans Asia South (ASS)","url":"rtmp://bintu-vtrans-ass.nanocosmos.de/live"},{"name":"bintu-vtrans Australia (AU)","url":"rtmp://bintu-vtrans-au.nanocosmos.de/live"}],"recommended":{"keyint":2,"profile":"baseline","bframes":0,"max video bitrate":5000,"max audio bitrate":192,"x264opts":"tune=zerolatency b-pyramid=0 scenecut=0"},"supported video codecs":["h264"]},{"name":"Dacast","protocol":"RTMP","servers":[{"name":"Default","url":"https://developer.dacast.com/v3/encoder-setup/"}],"recommended":{"keyint":1,"profile":"high","max video bitrate":7000,"max audio bitrate":128},"supported video codecs":["h264"]},{"name":"Bilibili Live - RTMP | 哔哩哔哩直播 - RTMP","more_info_link":"https://link.bilibili.com/p/help/index?id=4#/tools-tutorial","stream_key_link":"https://link.bilibili.com/p/center/index#/my-room/start-live","alt_names":["Bilibili Live"],"servers":[{"name":"Global - Primary | 全球 - 主要","url":"rtmp://live-push.bilivideo.com/live-bvc/"},{"name":"Non Chinese Mainland - Primary | 非中国大陆地区 - 主要","url":"rtmp://bdy.live-push.bilivideo.com/live-bvc/"},{"name":"Chinese Mainland - Backup | 中国大陆地区 - 备用","url":"rtmp://txy2.live-push.bilivideo.com/live-bvc/"},{"name":"Non Chinese Mainland - Backup | 非中国大陆地区 - 备用","url":"rtmp://txy.live-push.bilivideo.com/live-bvc/"}],"supported video codecs":["h264","hevc"]},{"name":"BoxCast","stream_key_link":"https://dashboard.boxcast.com/#/sources","servers":[{"name":"BoxCast","url":"rtmp://rtmp.boxcast.com/live"}],"supported video codecs":["h264"]},{"name":"Disciple Media","servers":[{"name":"Default","url":"rtmp://rtmp.disciplemedia.com/b-fme"}],"supported video codecs":["h264"]},{"name":"Jio Games","servers":[{"name":"Primary","url":"rtmp://livepub1.api.engageapps.jio/live"},{"name":"Secondary","url":"rtmp://livepub2.api.engageapps.jio/live"}],"recommended":{"keyint":2,"max video bitrate":32000,"max audio bitrate":256},"supported video codecs":["h264"]},{"name":"Kuaishou Live","stream_key_link":"https://studio.kuaishou.com/live/list","servers":[{"name":"Default","url":"rtmp://open-push.voip.yximgs.com/gifshow/"},{"name":"North America","url":"rtmp://tx.push.yximgs.com/live/"}],"supported video codecs":["h264"]},{"name":"PhoneLiveStreaming","stream_key_link":"https://app.phonelivestreaming.com/media/rtmp","servers":[{"name":"PhoneLiveStreaming","url":"rtmp://live.phonelivestreaming.com/live/"}],"recommended":{"keyint":2,"max video bitrate":128,"max audio bitrate":160},"supported video codecs":["h264"]},{"name":"Sympla","servers":[{"name":"Sympla RTMP","url":"rtmp://rtmp.sympla.com.br:5222/app"}],"recommended":{"keyint":2,"max video bitrate":5000,"max audio bitrate":160},"supported video codecs":["h264"]},{"name":"Livepush","more_info_link":"https://docs.livepush.io/en/articles/5065323-how-to-stream-live-from-obs-to-livepush","servers":[{"name":"Livepush Global (Default)","url":"rtmp://dc-global.livepush.io/live"},{"name":"Chicago, US","url":"rtmp://us-central-ch.livepush.io/live"},{"name":"New York, US","url":"rtmp://us-east-ny.livepush.io/live"},{"name":"Los Angeles, US","url":"rtmp://us-west-la.livepush.io/live"},{"name":"Miami, US","url":"rtmp://us-south-mia.livepush.io/live"},{"name":"Dallas, US","url":"rtmp://us-central-dal.livepush.io/live"},{"name":"Montreal, CA","url":"rtmp://ca-central-mon.livepush.io/live"},{"name":"Toronto, CA","url":"rtmp://ca-south-tor.livepush.io/live"},{"name":"Sydney, AU","url":"rtmp://au-east-syd.livepush.io/live"},{"name":"London, UK","url":"rtmp://uk-central-ldn.livepush.io/live"},{"name":"Milan, Italy","url":"rtmp://it-north-mln.livepush.io/live"},{"name":"Paris, FR","url":"rtmp://fr-central-par.livepush.io/live"},{"name":"Singapore","url":"rtmp://as-southeast-sg.livepush.io/live"},{"name":"Bangalore, IN","url":"rtmp://in-south-blr.livepush.io/live"}],"recommended":{"keyint":2,"max video bitrate":16000},"supported video codecs":["h264"]},{"name":"Vindral","more_info_link":"https://docs.vindral.com/docs/vindral-cdn/","stream_key_link":"https://portal.cdn.vindral.com/channels","servers":[{"name":"Global","url":"rtmps://rtmp.global.cdn.vindral.com/publish"}],"recommended":{"keyint":1,"profile":"high","bframes":0,"max video bitrate":20000,"max audio bitrate":192},"supported video codecs":["h264"]},{"name":"Whowatch (ふわっち)","more_info_link":"https://whowatch.tv/help/encoder","stream_key_link":"https://whowatch.tv/publish","servers":[{"name":"default","url":"rtmp://live.whowatch.tv/live/"}],"recommended":{"keyint":2,"max video bitrate":1800,"max audio bitrate":192},"supported video codecs":["h264"]},{"name":"IRLToolkit","stream_key_link":"https://irl.run/settings/ingest/","servers":[{"name":"Global (Recommended)","url":"rtmps://stream.global.irl.run/ingest"},{"name":"Los Angeles, US","url":"rtmps://stream.lax.irl.run/ingest"},{"name":"Dallas, US","url":"rtmps://stream.dal.irl.run/ingest"},{"name":"New York, US","url":"rtmps://stream.ewr.irl.run/ingest"},{"name":"Miami, US","url":"rtmps://stream.mia.irl.run/ingest"},{"name":"Amsterdam, NL","url":"rtmps://stream.ams.irl.run/ingest"},{"name":"Frankfurt, DE","url":"rtmps://stream.fra.irl.run/ingest"},{"name":"Singapore","url":"rtmps://stream.sin.irl.run/ingest"},{"name":"Tokyo, JP","url":"rtmps://stream.tyo.irl.run/ingest"},{"name":"Sydney, AU","url":"rtmps://stream.syd.irl.run/ingest"}],"recommended":{"keyint":2,"bframes":2,"max video bitrate":20000,"max audio bitrate":256},"supported video codecs":["h264"]},{"name":"Bitmovin","more_info_link":"https://developer.bitmovin.com/docs/overview","stream_key_link":"https://bitmovin.com/dashboard/streams?streamsTab=LIVE","servers":[{"name":"Streams Live","url":"rtmp://live-input.bitmovin.com/streams"}],"recommended":{"keyint":2},"supported video codecs":["h264"]},{"name":"Enchant.events","more_info_link":"https://docs.enchant.events/knowledge-base-y4pOb","servers":[{"name":"Primary RTMPS","url":"rtmps://stream.enchant.cloud:443/live"}],"recommended":{"keyint":2,"profile":"high","max video bitrate":9000,"max audio bitrate":192},"supported video codecs":["h264"]},{"name":"Joystick.TV","more_info_link":"https://support.joystick.tv/live_streaming/","stream_key_link":"https://joystick.tv/stream-settings","servers":[{"name":"North America","url":"rtmp://live.joystick.tv/live/"},{"name":"Europe","url":"rtmp://eu.live.joystick.tv/live/"}],"recommended":{"keyint":2,"max video bitrate":7500,"max audio bitrate":192,"max fps":60,"profile":"main","bframes":0,"x264opts":"tune=zerolatency scenecut=0"},"supported video codecs":["h264"]},{"name":"Livepeer Studio","more_info_link":"https://docs.livepeer.org/guides/developing/stream-via-obs","stream_key_link":"https://livepeer.studio/dashboard/streams","servers":[{"name":"Global (RTMP)","url":"rtmp://rtmp.livepeer.com/live"},{"name":"Global (RTMP Primary)","url":"rtmp://rtmp-a.livepeer.com/live"},{"name":"Global (RTMP Backup)","url":"rtmp://rtmp-b.livepeer.com/live"}],"recommended":{"keyint":1,"profile":"high","bframes":0,"max video bitrate":20000,"max audio bitrate":512},"supported video codecs":["h264"]},{"name":"MasterStream.iR | مستراستریم | ری استریم و استریم همزمان","common":false,"more_info_link":"https://masterstream.ir/webpage/page/docs","stream_key_link":"https://masterstream.ir/control-panel/streaming","servers":[{"name":"Iran Server 1 - Bandwidth Required","url":"rtmp://live1.masterstream.ir/live"},{"name":"Iran Server 2 - Bandwidth Required","url":"rtmp://live2.masterstream.ir/live"},{"name":"Iran Server 3 - Bandwidth Required","url":"rtmp://live3.masterstream.ir/live"},{"name":"Iran Server 4 - Bandwidth Required","url":"rtmp://live4.masterstream.ir/live"},{"name":"Iran Server 5 - Bandwidth Required","url":"rtmp://live5.masterstream.ir/live"},{"name":"International Server 1","url":"rtmp://ilive1.masterstream.ir/live"},{"name":"International Server 2","url":"rtmp://ilive2.masterstream.ir/live"},{"name":"International Server 3","url":"rtmp://ilive3.masterstream.ir/live"},{"name":"International Server 4","url":"rtmp://ilive4.masterstream.ir/live"}],"protocol":"RTMP","supported video codecs":["h264"],"recommended":{"keyint":2,"supported resolutions":["1920x1080","1280x720","852x480","640x360"],"max video bitrate":6000,"max audio bitrate":320,"x264opts":"scenecut=0"}},{"name":"PandaTV | 팬더티비","common":false,"servers":[{"name":"Default","url":"rtmp://rtmp.pandalive.co.kr/app"}],"recommended":{"keyint":2,"supported resolutions":["1920x1080","1280x720","852x480","640x360"],"max video bitrate":7500,"max audio bitrate":320,"x264opts":"scenecut=0"},"supported video codecs":["h264"]},{"name":"Vault - by CommanderRoot","common":false,"more_info_link":"https://vault.root-space.eu/","stream_key_link":"https://vault.root-space.eu/recordings","servers":[{"name":"EU - Central","url":"rtmp://ingest-eu-central.vault.root-space.eu/app"},{"name":"US - West","url":"rtmp://ingest-us-west.vault.root-space.eu/app"}],"protocol":"RTMP","supported video codecs":["h264"],"supported audio codecs":["aac"],"recommended":{"keyint":2,"max video bitrate":7800,"max audio bitrate":320,"x264opts":"scenecut=0"}},{"name":"CHZZK","common":false,"stream_key_link":"https://studio.chzzk.naver.com/setting","servers":[{"name":"Default","url":"rtmp://global-rtmp.lip2.navercorp.com:8080/relay"}],"supported video codecs":["h264"],"recommended":{"keyint":1,"bframes":0,"max fps":60,"max video bitrate":8000,"max audio bitrate":192,"x264opts":"tune=zerolatency scenecut=0","supported resolutions":["1920x1080"]}},{"name":"Streamway","common":false,"more_info_link":"https://support.streamway.in/how-to-connect-obs-studio-to-streamway/","stream_key_link":"https://app.streamway.in/broadcasts","servers":[{"name":"Primary","url":"rtmp://injest.streamway.in/LiveApp"},{"name":"Backup","url":"rtmps://bkp.streamway.in:443/live"}],"protocol":"RTMP","supported video codecs":["h264"],"recommended":{"keyint":2}},{"name":"SharePlay.tv","common":false,"stream_key_link":"https://playstudio.shareplay.tv/stream/settings","servers":[{"name":"Atlanta, Georgia, USA","url":"rtmp://live-us-atl-stream.shareplay.tv"}],"supported video codecs":["h264"],"recommended":{"keyint":2,"max video bitrate":12000,"max audio bitrate":320}},{"name":"sheeta","common":false,"more_info_link":"https://partner-support.sheeta.com/hc/ja/articles/4404573942425-%E7%94%9F%E6%94%BE%E9%80%81%E3%81%AE%E9%85%8D%E4%BF%A1%E6%96%B9%E6%B3%95","servers":[{"name":"Default","url":"rtmp://lsm.sheeta.com:1935/lsm"}],"protocol":"RTMP","supported video codecs":["h264"],"supported audio codecs":["aac"],"recommended":{"keyint":1,"profile":"main","supported resolutions":["1920x1080","1280x720","854x480","640x480"],"bitrate matrix":[{"res":"1920x1080","fps":30,"max bitrate":6000},{"res":"1280x720","fps":30,"max bitrate":4700},{"res":"854x480","fps":30,"max bitrate":3400},{"res":"640x480","fps":30,"max bitrate":3400},{"res":"1920x1080","fps":60,"max bitrate":9000},{"res":"1280x720","fps":60,"max bitrate":7000},{"res":"854x480","fps":60,"max bitrate":5000},{"res":"640x480","fps":60,"max bitrate":5000}],"max fps":60,"max video bitrate":9000,"max audio bitrate":512,"x264opts":"scenecut=0","output":"rtmp_output"}},{"name":"Amazon IVS","supported video codecs":["h264"],"servers":[{"name":"Asia: China, Hong Kong (6) (RTMPS)","url":"rtmps://hkg06.contribute.live-video.net/app"},{"name":"Asia: India, Bangalore (1) (RTMPS)","url":"rtmps://blr01.contribute.live-video.net/app"},{"name":"Asia: India, Chennai (RTMPS)","url":"rtmps://maa01.contribute.live-video.net/app"},{"name":"Asia: India, Hyderabad (1) (RTMPS)","url":"rtmps://hyd01.contribute.live-video.net/app"},{"name":"Asia: India, Mumbai (RTMPS)","url":"rtmps://bom01.contribute.live-video.net/app"},{"name":"Asia: India, New Delhi (RTMPS)","url":"rtmps://del01.contribute.live-video.net/app"},{"name":"Asia: Indonesia, Cikarang Barat (1) (RTMPS)","url":"rtmps://jkt01.contribute.live-video.net/app"},{"name":"Asia: Indonesia, Jakarta (2) (RTMPS)","url":"rtmps://jkt02.contribute.live-video.net/app"},{"name":"Asia: Japan, Osaka (1) (RTMPS)","url":"rtmps://osa01.contribute.live-video.net/app"},{"name":"Asia: Japan, Tokyo (3) (RTMPS)","url":"rtmps://tyo03.contribute.live-video.net/app"},{"name":"Asia: Japan, Tokyo (5) (RTMPS)","url":"rtmps://tyo05.contribute.live-video.net/app"},{"name":"Asia: Manila, Philippines (1) (RTMPS)","url":"rtmps://mnl01.contribute.live-video.net/app"},{"name":"Asia: Singapore (1) (RTMPS)","url":"rtmps://sin01.contribute.live-video.net/app"},{"name":"Asia: Singapore (4) (RTMPS)","url":"rtmps://sin04.contribute.live-video.net/app"},{"name":"Asia: South Korea, Seoul (3) (RTMPS)","url":"rtmps://sel03.contribute.live-video.net/app"},{"name":"Asia: South Korea, Seoul (4) (RTMPS)","url":"rtmps://sel04.contribute.live-video.net/app"},{"name":"Asia: Taiwan, Taipei (1) (RTMPS)","url":"rtmps://tpe01.contribute.live-video.net/app"},{"name":"Asia: Taiwan, Taipei (3) (RTMPS)","url":"rtmps://tpe03.contribute.live-video.net/app"},{"name":"Asia: Thailand, Bangkok (2) (RTMPS)","url":"rtmps://bkk02.contribute.live-video.net/app"},{"name":"Europe: Austria, Vienna (2) (RTMPS)","url":"rtmps://vie02.contribute.live-video.net/app"},{"name":"Europe: Czech Republic, Prague (RTMPS)","url":"rtmps://prg03.contribute.live-video.net/app"},{"name":"Europe: Denmark, Copenhagen (RTMPS)","url":"rtmps://cph.contribute.live-video.net/app"},{"name":"Europe: Finland, Helsinki (3) (RTMPS)","url":"rtmps://hel03.contribute.live-video.net/app"},{"name":"Europe: France, Marseille (RTMPS)","url":"rtmps://mrs.contribute.live-video.net/app"},{"name":"Europe: France, Marseille (2) (RTMPS)","url":"rtmps://mrs02.contribute.live-video.net/app"},{"name":"Europe: France, Paris (10) (RTMPS)","url":"rtmps://cdg10.contribute.live-video.net/app"},{"name":"Europe: France, Paris (2) (RTMPS)","url":"rtmps://cdg02.contribute.live-video.net/app"},{"name":"Europe: Germany, Berlin (RTMPS)","url":"rtmps://ber.contribute.live-video.net/app"},{"name":"Europe: Germany, Dusseldorf (1) (RTMPS)","url":"rtmps://dus01.contribute.live-video.net/app"},{"name":"Europe: Germany, Frankfurt (2) (RTMPS)","url":"rtmps://fra02.contribute.live-video.net/app"},{"name":"Europe: Germany, Frankfurt (5) (RTMPS)","url":"rtmps://fra05.contribute.live-video.net/app"},{"name":"Europe: Germany, Frankfurt (6) (RTMPS)","url":"rtmps://fra06.contribute.live-video.net/app"},{"name":"Europe: Germany, Munich (1) (RTMPS)","url":"rtmps://muc01.contribute.live-video.net/app"},{"name":"Europe: Italy, Milan (2) (RTMPS)","url":"rtmps://mil02.contribute.live-video.net/app"},{"name":"Europe: Netherlands, Amsterdam (2) (RTMPS)","url":"rtmps://ams02.contribute.live-video.net/app"},{"name":"Europe: Netherlands, Amsterdam (3) (RTMPS)","url":"rtmps://ams03.contribute.live-video.net/app"},{"name":"Europe: Norway, Oslo (RTMPS)","url":"rtmps://osl.contribute.live-video.net/app"},{"name":"Europe: Poland, Warsaw (2) (RTMPS)","url":"rtmps://waw02.contribute.live-video.net/app"},{"name":"Europe: Spain, Madrid (1) (RTMPS)","url":"rtmps://mad01.contribute.live-video.net/app"},{"name":"Europe: Spain, Madrid (2) (RTMPS)","url":"rtmps://mad02.contribute.live-video.net/app"},{"name":"Europe: Sweden, Stockholm (3) (RTMPS)","url":"rtmps://arn03.contribute.live-video.net/app"},{"name":"Europe: Sweden, Stockholm (4) (RTMPS)","url":"rtmps://arn04.contribute.live-video.net/app"},{"name":"Europe: UK, London (3) (RTMPS)","url":"rtmps://lhr03.contribute.live-video.net/app"},{"name":"Europe: UK, London (4) (RTMPS)","url":"rtmps://lhr04.contribute.live-video.net/app"},{"name":"Europe: UK, London (8) (RTMPS)","url":"rtmps://lhr08.contribute.live-video.net/app"},{"name":"NA: Canada, Quebec (RTMPS)","url":"rtmps://ymq03.contribute.live-video.net/app"},{"name":"NA: Canada, Toronto (RTMPS)","url":"rtmps://yto.contribute.live-video.net/app"},{"name":"NA: Mexico, Queretaro (3) (RTMPS)","url":"rtmps://qro03.contribute.live-video.net/app"},{"name":"NA: Mexico, Queretaro (4) (RTMPS)","url":"rtmps://qro04.contribute.live-video.net/app"},{"name":"Oceania: Australia, Sydney (2) (RTMPS)","url":"rtmps://syd02.contribute.live-video.net/app"},{"name":"Oceania: Australia, Sydney (3) (RTMPS)","url":"rtmps://syd03.contribute.live-video.net/app"},{"name":"South America: Brazil, Fortaleza (1) (RTMPS)","url":"rtmps://for01.contribute.live-video.net/app"},{"name":"South America: Brazil, Rio de Janeiro (3) (RTMPS)","url":"rtmps://rio03.contribute.live-video.net/app"},{"name":"South America: Brazil, Rio de Janeiro (4) (RTMPS)","url":"rtmps://rio04.contribute.live-video.net/app"},{"name":"South America: Brazil, Sao Paulo (RTMPS)","url":"rtmps://sao03.contribute.live-video.net/app"},{"name":"South America: Brazil, Sao Paulo (5) (RTMPS)","url":"rtmps://sao05.contribute.live-video.net/app"},{"name":"South America: Buenos Aires, Argentina (1) (RTMPS)","url":"rtmps://bue01.contribute.live-video.net/app"},{"name":"South America: Colombia, Bogota (1) (RTMPS)","url":"rtmps://bog01.contribute.live-video.net/app"},{"name":"US Central: Dallas, TX (RTMPS)","url":"rtmps://dfw.contribute.live-video.net/app"},{"name":"US Central: Dallas, TX (2) (RTMPS)","url":"rtmps://dfw02.contribute.live-video.net/app"},{"name":"US Central: Denver, CO (52) (RTMPS)","url":"rtmps://den52.contribute.live-video.net/app"},{"name":"US Central: Garland, TX (56) (RTMPS)","url":"rtmps://dfw56.contribute.live-video.net/app"},{"name":"US Central: Houston, TX (50) (RTMPS)","url":"rtmps://iah50.contribute.live-video.net/app"},{"name":"US East: Ashburn, VA (5) (RTMPS)","url":"rtmps://iad05.contribute.live-video.net/app"},{"name":"US East: Atlanta, GA (RTMPS)","url":"rtmps://atl.contribute.live-video.net/app"},{"name":"US East: Chicago, IL (3) (RTMPS)","url":"rtmps://ord03.contribute.live-video.net/app"},{"name":"US East: Chicago, IL (56) (RTMPS)","url":"rtmps://ord56.contribute.live-video.net/app"},{"name":"US East: McAllen, TX (1) (RTMPS)","url":"rtmps://mfe01.contribute.live-video.net/app"},{"name":"US East: Miami, FL (5) (RTMPS)","url":"rtmps://mia05.contribute.live-video.net/app"},{"name":"US East: New York, NY (RTMPS)","url":"rtmps://jfk.contribute.live-video.net/app"},{"name":"US East: New York, NY (50) (RTMPS)","url":"rtmps://jfk50.contribute.live-video.net/app"},{"name":"US West: Los Angeles, CA (RTMPS)","url":"rtmps://lax.contribute.live-video.net/app"},{"name":"US West: Salt Lake City, UT (RTMPS)","url":"rtmps://slc.contribute.live-video.net/app"},{"name":"US West: San Francisco, CA (RTMPS)","url":"rtmps://sfo.contribute.live-video.net/app"},{"name":"US West: San Jose, California (6) (RTMPS)","url":"rtmps://sjc06.contribute.live-video.net/app"},{"name":"US West: Seattle, WA (RTMPS)","url":"rtmps://sea.contribute.live-video.net/app"},{"name":"US West: Seattle, WA (2) (RTMPS)","url":"rtmps://sea02.contribute.live-video.net/app"},{"name":"Asia: China, Hong Kong (6) (RTMP)","url":"rtmp://hkg06.contribute.live-video.net/app"},{"name":"Asia: India, Bangalore (1) (RTMP)","url":"rtmp://blr01.contribute.live-video.net/app"},{"name":"Asia: India, Chennai (RTMP)","url":"rtmp://maa01.contribute.live-video.net/app"},{"name":"Asia: India, Hyderabad (1) (RTMP)","url":"rtmp://hyd01.contribute.live-video.net/app"},{"name":"Asia: India, Mumbai (RTMP)","url":"rtmp://bom01.contribute.live-video.net/app"},{"name":"Asia: India, New Delhi (RTMP)","url":"rtmp://del01.contribute.live-video.net/app"},{"name":"Asia: Indonesia, Cikarang Barat (1) (RTMP)","url":"rtmp://jkt01.contribute.live-video.net/app"},{"name":"Asia: Indonesia, Jakarta (2) (RTMP)","url":"rtmp://jkt02.contribute.live-video.net/app"},{"name":"Asia: Japan, Osaka (1) (RTMP)","url":"rtmp://osa01.contribute.live-video.net/app"},{"name":"Asia: Japan, Tokyo (3) (RTMP)","url":"rtmp://tyo03.contribute.live-video.net/app"},{"name":"Asia: Japan, Tokyo (5) (RTMP)","url":"rtmp://tyo05.contribute.live-video.net/app"},{"name":"Asia: Manila, Philippines (1) (RTMP)","url":"rtmp://mnl01.contribute.live-video.net/app"},{"name":"Asia: Singapore (1) (RTMP)","url":"rtmp://sin01.contribute.live-video.net/app"},{"name":"Asia: Singapore (4) (RTMP)","url":"rtmp://sin04.contribute.live-video.net/app"},{"name":"Asia: South Korea, Seoul (3) (RTMP)","url":"rtmp://sel03.contribute.live-video.net/app"},{"name":"Asia: South Korea, Seoul (4) (RTMP)","url":"rtmp://sel04.contribute.live-video.net/app"},{"name":"Asia: Taiwan, Taipei (1) (RTMP)","url":"rtmp://tpe01.contribute.live-video.net/app"},{"name":"Asia: Taiwan, Taipei (3) (RTMP)","url":"rtmp://tpe03.contribute.live-video.net/app"},{"name":"Asia: Thailand, Bangkok (2) (RTMP)","url":"rtmp://bkk02.contribute.live-video.net/app"},{"name":"Europe: Austria, Vienna (2) (RTMP)","url":"rtmp://vie02.contribute.live-video.net/app"},{"name":"Europe: Czech Republic, Prague (RTMP)","url":"rtmp://prg03.contribute.live-video.net/app"},{"name":"Europe: Denmark, Copenhagen (RTMP)","url":"rtmp://cph.contribute.live-video.net/app"},{"name":"Europe: Finland, Helsinki (3) (RTMP)","url":"rtmp://hel03.contribute.live-video.net/app"},{"name":"Europe: France, Marseille (RTMP)","url":"rtmp://mrs.contribute.live-video.net/app"},{"name":"Europe: France, Marseille (2) (RTMP)","url":"rtmp://mrs02.contribute.live-video.net/app"},{"name":"Europe: France, Paris (10) (RTMP)","url":"rtmp://cdg10.contribute.live-video.net/app"},{"name":"Europe: France, Paris (2) (RTMP)","url":"rtmp://cdg02.contribute.live-video.net/app"},{"name":"Europe: Germany, Berlin (RTMP)","url":"rtmp://ber.contribute.live-video.net/app"},{"name":"Europe: Germany, Dusseldorf (1) (RTMP)","url":"rtmp://dus01.contribute.live-video.net/app"},{"name":"Europe: Germany, Frankfurt (2) (RTMP)","url":"rtmp://fra02.contribute.live-video.net/app"},{"name":"Europe: Germany, Frankfurt (5) (RTMP)","url":"rtmp://fra05.contribute.live-video.net/app"},{"name":"Europe: Germany, Frankfurt (6) (RTMP)","url":"rtmp://fra06.contribute.live-video.net/app"},{"name":"Europe: Germany, Munich (1) (RTMP)","url":"rtmp://muc01.contribute.live-video.net/app"},{"name":"Europe: Italy, Milan (2) (RTMP)","url":"rtmp://mil02.contribute.live-video.net/app"},{"name":"Europe: Netherlands, Amsterdam (2) (RTMP)","url":"rtmp://ams02.contribute.live-video.net/app"},{"name":"Europe: Netherlands, Amsterdam (3) (RTMP)","url":"rtmp://ams03.contribute.live-video.net/app"},{"name":"Europe: Norway, Oslo (RTMP)","url":"rtmp://osl.contribute.live-video.net/app"},{"name":"Europe: Poland, Warsaw (2) (RTMP)","url":"rtmp://waw02.contribute.live-video.net/app"},{"name":"Europe: Spain, Madrid (1) (RTMP)","url":"rtmp://mad01.contribute.live-video.net/app"},{"name":"Europe: Spain, Madrid (2) (RTMP)","url":"rtmp://mad02.contribute.live-video.net/app"},{"name":"Europe: Sweden, Stockholm (3) (RTMP)","url":"rtmp://arn03.contribute.live-video.net/app"},{"name":"Europe: Sweden, Stockholm (4) (RTMP)","url":"rtmp://arn04.contribute.live-video.net/app"},{"name":"Europe: UK, London (3) (RTMP)","url":"rtmp://lhr03.contribute.live-video.net/app"},{"name":"Europe: UK, London (4) (RTMP)","url":"rtmp://lhr04.contribute.live-video.net/app"},{"name":"Europe: UK, London (8) (RTMP)","url":"rtmp://lhr08.contribute.live-video.net/app"},{"name":"NA: Canada, Quebec (RTMP)","url":"rtmp://ymq03.contribute.live-video.net/app"},{"name":"NA: Canada, Toronto (RTMP)","url":"rtmp://yto.contribute.live-video.net/app"},{"name":"NA: Mexico, Queretaro (3) (RTMP)","url":"rtmp://qro03.contribute.live-video.net/app"},{"name":"NA: Mexico, Queretaro (4) (RTMP)","url":"rtmp://qro04.contribute.live-video.net/app"},{"name":"Oceania: Australia, Sydney (2) (RTMP)","url":"rtmp://syd02.contribute.live-video.net/app"},{"name":"Oceania: Australia, Sydney (3) (RTMP)","url":"rtmp://syd03.contribute.live-video.net/app"},{"name":"South America: Brazil, Fortaleza (1) (RTMP)","url":"rtmp://for01.contribute.live-video.net/app"},{"name":"South America: Brazil, Rio de Janeiro (3) (RTMP)","url":"rtmp://rio03.contribute.live-video.net/app"},{"name":"South America: Brazil, Rio de Janeiro (4) (RTMP)","url":"rtmp://rio04.contribute.live-video.net/app"},{"name":"South America: Brazil, Sao Paulo (RTMP)","url":"rtmp://sao03.contribute.live-video.net/app"},{"name":"South America: Brazil, Sao Paulo (5) (RTMP)","url":"rtmp://sao05.contribute.live-video.net/app"},{"name":"South America: Buenos Aires, Argentina (1) (RTMP)","url":"rtmp://bue01.contribute.live-video.net/app"},{"name":"South America: Colombia, Bogota (1) (RTMP)","url":"rtmp://bog01.contribute.live-video.net/app"},{"name":"US Central: Dallas, TX (RTMP)","url":"rtmp://dfw.contribute.live-video.net/app"},{"name":"US Central: Dallas, TX (2) (RTMP)","url":"rtmp://dfw02.contribute.live-video.net/app"},{"name":"US Central: Denver, CO (52) (RTMP)","url":"rtmp://den52.contribute.live-video.net/app"},{"name":"US Central: Garland, TX (56) (RTMP)","url":"rtmp://dfw56.contribute.live-video.net/app"},{"name":"US Central: Houston, TX (50) (RTMP)","url":"rtmp://iah50.contribute.live-video.net/app"},{"name":"US East: Ashburn, VA (5) (RTMP)","url":"rtmp://iad05.contribute.live-video.net/app"},{"name":"US East: Atlanta, GA (RTMP)","url":"rtmp://atl.contribute.live-video.net/app"},{"name":"US East: Chicago, IL (3) (RTMP)","url":"rtmp://ord03.contribute.live-video.net/app"},{"name":"US East: Chicago, IL (56) (RTMP)","url":"rtmp://ord56.contribute.live-video.net/app"},{"name":"US East: McAllen, TX (1) (RTMP)","url":"rtmp://mfe01.contribute.live-video.net/app"},{"name":"US East: Miami, FL (5) (RTMP)","url":"rtmp://mia05.contribute.live-video.net/app"},{"name":"US East: New York, NY (RTMP)","url":"rtmp://jfk.contribute.live-video.net/app"},{"name":"US East: New York, NY (50) (RTMP)","url":"rtmp://jfk50.contribute.live-video.net/app"},{"name":"US West: Los Angeles, CA (RTMP)","url":"rtmp://lax.contribute.live-video.net/app"},{"name":"US West: Salt Lake City, UT (RTMP)","url":"rtmp://slc.contribute.live-video.net/app"},{"name":"US West: San Francisco, CA (RTMP)","url":"rtmp://sfo.contribute.live-video.net/app"},{"name":"US West: San Jose, California (6) (RTMP)","url":"rtmp://sjc06.contribute.live-video.net/app"},{"name":"US West: Seattle, WA (RTMP)","url":"rtmp://sea.contribute.live-video.net/app"},{"name":"US West: Seattle, WA (2) (RTMP)","url":"rtmp://sea02.contribute.live-video.net/app"}],"multitrack_video_configuration_url":"https://ingest.contribute.live-video.net/api/v3/GetClientConfiguration","recommended":{"keyint":2,"x264opts":"scenecut=0"}},{"name":"Dolby Millicast","common":false,"more_info_link":"https://docs.optiview.dolby.com/millicast/using-obs/","stream_key_link":"https://streaming.dolby.io","multitrack_video_configuration_url":"https://director.millicast.com/api/multitrackvideo/configuration","multitrack_video_name":"Enhanced Broadcasting","multitrack_video_learn_more_link":"https://docs.optiview.dolby.com/millicast/obs-enhanced-broadcasting-multitrack-video/","servers":[{"name":"Global (RTMPS)","url":"rtmps://rtmp-auto.millicast.com:443/v2/pub"},{"name":"Global (RTMP)","url":"rtmp://rtmp-auto.millicast.com:1935/v2/pub"},{"name":"Bangalore, India (RTMPS)","url":"rtmps://rtmp-blr-1.millicast.com:443/v2/pub"},{"name":"Bangalore, India (RTMP)","url":"rtmp://rtmp-blr-1.millicast.com:1935/v2/pub"},{"name":"Frankfurt, Germany (RTMPS)","url":"rtmps://rtmp-fra-1.millicast.com:443/v2/pub"},{"name":"Frankfurt, Germany (RTMP)","url":"rtmp://rtmp-fra-1.millicast.com:1935/v2/pub"},{"name":"Ashburn, Virginia, USA (RTMPS)","url":"rtmps://rtmp-iad-1.millicast.com:443/v2/pub"},{"name":"Ashburn, Virginia, USA (RTMP)","url":"rtmp://rtmp-iad-1.millicast.com:1935/v2/pub"},{"name":"London, England (RTMPS)","url":"rtmps://rtmp-lon-1.millicast.com:443/v2/pub"},{"name":"London, England (RTMP)","url":"rtmp://rtmp-lon-1.millicast.com:1935/v2/pub"},{"name":"Phoenix, AZ, USA (RTMPS)","url":"rtmps://rtmp-phx-1.millicast.com:443/v2/pub"},{"name":"Phoenix, AZ, USA (RTMP)","url":"rtmp://rtmp-phx-1.millicast.com:1935/v2/pub"},{"name":"Sao Paulo, Brazil (RTMPS)","url":"rtmps://rtmp-sao-1.millicast.com:443/v2/pub"},{"name":"Sao Paulo, Brazil (RTMP)","url":"rtmp://rtmp-sao-1.millicast.com:1935/v2/pub"},{"name":"Singapore (RTMPS)","url":"rtmps://rtmp-sgp-1.millicast.com:443/v2/pub"},{"name":"Singapore (RTMP)","url":"rtmp://rtmp-sgp-1.millicast.com:1935/v2/pub"},{"name":"Sydney, Australia (RTMPS)","url":"rtmps://rtmp-syd-1.millicast.com:443/v2/pub"},{"name":"Sydney, Australia (RTMP)","url":"rtmp://rtmp-syd-1.millicast.com:1935/v2/pub"}],"supported video codecs":["h264","hevc","av1"],"recommended":{"keyint":1,"bframes":0}},{"name":"NFHS Network","more_info_link":"https://support.nfhsnetwork.com/hc/en-us","stream_key_link":"https://console.nfhsnetwork.com/nfhs-events/","servers":[{"name":"Manual Broadcasts","url":"rtmp://video.nfhsnetwork.com/manual"}],"recommended":{"supported resolutions":["1920x1080","1280x720","640x360"],"max fps":60},"supported video codecs":["h264"]},{"name":"VRCDN - Live","more_info_link":"https://vrcdn.live","servers":[{"name":"Automatic","url":"rtmp://ingest.vrcdn.live/live"}],"supported video codecs":["h264"],"recommended":{"keyint":1,"max video bitrate":6000}}]}
