{"type":"rtmp_common","settings":{"service":"Twitch","server":"auto","key":"live_19692495_UD1FTstkomMLWMnWdqNa0koZ6DGomN","stream_key_link":"https://dashboard.twitch.tv/settings/stream","multitrack_video_configuration_url":"https://ingest.twitch.tv/api/v3/GetClientConfiguration","multitrack_video_name":"Enhanced Broadcasting","multitrack_video_disclaimer":"Enhanced Broadcasting optimoi asetuksesi automaattisesti koodaukselle ja lähettää useita videolaatuja kohteeseen Twitch. Tämän valitseminen lähettää tietoja Twitch tietokoneestasi ja ohjelmiston asetuksista.<a href=\"https://help.twitch.tv/s/article/multiple-encodes\">Lue lisää</a>","protocol":"RTMP"}}