{
    "DesktopAudioDevice1": {
        "prev_ver": 536870914,
        "name": "Äänentoistolaite",
        "uuid": "763ba3f0-9fdb-4bd2-a840-063a13c52c2b",
        "id": "pulse_output_capture",
        "versioned_id": "pulse_output_capture",
        "settings": {
            "device_id": "default"
        },
        "mixers": 255,
        "sync": 0,
        "flags": 0,
        "volume": 1.0,
        "balance": 0.5,
        "enabled": true,
        "muted": false,
        "push-to-mute": false,
        "push-to-mute-delay": 0,
        "push-to-talk": false,
        "push-to-talk-delay": 0,
        "hotkeys": {
            "libobs.mute": [],
            "libobs.unmute": [],
            "libobs.push-to-mute": [],
            "libobs.push-to-talk": []
        },
        "deinterlace_mode": 0,
        "deinterlace_field_order": 0,
        "monitoring_type": 0,
        "private_settings": {}
    },
    "current_scene": "Näkymä",
    "current_program_scene": "Näkymä",
    "scene_order": [
        {
            "name": "Näkymä"
        }
    ],
    "name": "Nimetön",
    "sources": [
        {
            "prev_ver": 536870914,
            "name": "Näkymä",
            "uuid": "f2829b3a-f33b-41d1-bc82-fc1705028ca9",
            "id": "scene",
            "versioned_id": "scene",
            "settings": {
                "id_counter": 9,
                "custom_size": false,
                "items": [
                    {
                        "name": "Näytönkaappaus (PipeWire)",
                        "source_uuid": "699c4f7d-2904-40c2-bef5-e230ef6d64d9",
                        "visible": true,
                        "locked": false,
                        "rot": 0.0,
                        "scale_ref": {
                            "x": 2560.0,
                            "y": 1440.0
                        },
                        "align": 5,
                        "bounds_type": 0,
                        "bounds_align": 0,
                        "bounds_crop": false,
                        "crop_left": 0,
                        "crop_top": 0,
                        "crop_right": 0,
                        "crop_bottom": 0,
                        "id": 9,
                        "group_item_backup": false,
                        "pos": {
                            "x": 0.0,
                            "y": 0.0
                        },
                        "pos_rel": {
                            "x": -1.7777777910232544,
                            "y": -1.0
                        },
                        "scale": {
                            "x": 1.0,
                            "y": 1.0
                        },
                        "scale_rel": {
                            "x": 1.0,
                            "y": 1.0
                        },
                        "bounds": {
                            "x": 0.0,
                            "y": 0.0
                        },
                        "bounds_rel": {
                            "x": 0.0,
                            "y": 0.0
                        },
                        "scale_filter": "disable",
                        "blend_method": "default",
                        "blend_type": "normal",
                        "show_transition": {
                            "duration": 0
                        },
                        "hide_transition": {
                            "duration": 0
                        },
                        "private_settings": {}
                    }
                ]
            },
            "mixers": 0,
            "sync": 0,
            "flags": 0,
            "volume": 1.0,
            "balance": 0.5,
            "enabled": true,
            "muted": false,
            "push-to-mute": false,
            "push-to-mute-delay": 0,
            "push-to-talk": false,
            "push-to-talk-delay": 0,
            "hotkeys": {
                "OBSBasic.SelectScene": [],
                "libobs.show_scene_item.9": [],
                "libobs.hide_scene_item.9": []
            },
            "deinterlace_mode": 0,
            "deinterlace_field_order": 0,
            "monitoring_type": 0,
            "canvas_uuid": "6c69626f-6273-4c00-9d88-c5136d61696e",
            "private_settings": {}
        },
        {
            "prev_ver": 536870914,
            "name": "Näytönkaappaus (PipeWire)",
            "uuid": "699c4f7d-2904-40c2-bef5-e230ef6d64d9",
            "id": "pipewire-screen-capture-source",
            "versioned_id": "pipewire-screen-capture-source",
            "settings": {
                "RestoreToken": ""
            },
            "mixers": 0,
            "sync": 0,
            "flags": 0,
            "volume": 1.0,
            "balance": 0.5,
            "enabled": true,
            "muted": false,
            "push-to-mute": false,
            "push-to-mute-delay": 0,
            "push-to-talk": false,
            "push-to-talk-delay": 0,
            "hotkeys": {},
            "deinterlace_mode": 0,
            "deinterlace_field_order": 0,
            "monitoring_type": 0,
            "private_settings": {}
        }
    ],
    "groups": [],
    "quick_transitions": [
        {
            "name": "Leikkaa",
            "duration": 300,
            "hotkeys": [],
            "id": 1,
            "fade_to_black": false
        },
        {
            "name": "Häivytä",
            "duration": 300,
            "hotkeys": [],
            "id": 2,
            "fade_to_black": false
        },
        {
            "name": "Häivytä",
            "duration": 300,
            "hotkeys": [],
            "id": 3,
            "fade_to_black": true
        }
    ],
    "transitions": [],
    "saved_projectors": [],
    "canvases": [],
    "current_transition": "Häivytä",
    "transition_duration": 300,
    "preview_locked": false,
    "scaling_enabled": false,
    "scaling_level": -26,
    "scaling_off_x": 0.0,
    "scaling_off_y": 0.0,
    "modules": {
        "scripts-tool": [],
        "output-timer": {
            "streamTimerHours": 0,
            "streamTimerMinutes": 0,
            "streamTimerSeconds": 0,
            "recordTimerHours": 0,
            "recordTimerMinutes": 0,
            "recordTimerSeconds": 0,
            "autoStartStreamTimer": false,
            "autoStartRecordTimer": false,
            "pauseRecordTimer": false
        }
    },
    "resolution": {
        "x": 2560,
        "y": 1440
    },
    "version": 2
}